artspere,,,,,,,,,,,,,,,,,,,,,
Artwork Name,Artist,Artwork URL,Category,Medium,Dimensions_cm,width_cm,height_cm,depth_cm,Dimensions_in,width_in,height_in,depth_in,Price,Currency,is_sold,is_price_on_request,Image URL,,,,
saatchi,,,,,,,,,,,,,,,,,,,,,
Artwork Name,Artist,Artwork URL,Category,Subject,Year Produced,width_cm,height_cm,depth_cm,price_usd,Description,is_available_for_sale,ships_from_country,,,,Styles,Mediums,,,,
artsy,,,,,,,,,,,,,,,,,,,,,
Artwork Name,Artist,Artwork URL,Category,Subject,Year Produced,width_cm,height_cm,depth_cm,price_usd,Description,is_available_for_sale,ships_from_country,,,,Styles,Mediums,,,,
artmajeur,,,,,,,,,,,,,,,,,,,,,
Artwork Name,Artist,Artwork URL,Year,Category,Medium,Technique,Support,Style,Theme,dimensions,height_in,width_in,depth_in,height_cm,depth_cm,is_ai_generated,has_certificate,is_signed,price,currency,description
artfinder,,,,,,,,,,,,,,,,,,,,,
Artwork Name,Artist,Artwork URL,Category,Style,Subject,Description,Year,substrate,materials,signature,dimensions_cm,dimensions_in,width_cm,height_cm,depth_cm,price,currency,,,,
